USE T_OPFlix

INSERT INTO Permissao (Nome) VALUES ('Administrador')
INSERT INTO Permissao (Nome) VALUES ('Comum')

INSERT INTO Categoria (IdCategoria, Nome) VALUES ('1','Comedia')
INSERT INTO Categoria (IdCategoria, Nome) VALUES ('2','Drama')
INSERT INTO Categoria (IdCategoria, Nome) VALUES ('3','Ficçao Cientifica')
INSERT INTO Categoria (IdCategoria, Nome) VALUES ('4','Ação')
INSERT INTO Categoria (IdCategoria, Nome) VALUES ('5','Terror')

INSERT INTO Lancamentos (Nome, DataLancamento, Sinopse, IdCategoria, FotoLanc) VALUES ('It A Coisa: Capítulo 2','05/09/2019','Lorem ipsum dolor sit amet consecteturadipisicing elit. Alias odio illum dolorem etsed voluptatum tempora modi maxime, dolorlaudantium natus recusandae similique qui esseprovident earum fugit.','5','http://br.web.img3.acsta.net/c_215_290/pictures/19/08/14/16/00/5320567.jpg')
INSERT INTO Lancamentos (Nome, DataLancamento, Sinopse, IdCategoria, FotoLanc) VALUES ('Annabelle 3: De Volta Para Casa','27/06/2019','Lorem ipsum dolor sit amet consecteturadipisicing elit. Alias odio illum dolorem etsed voluptatum tempora modi maxime, dolorlaudantium natus recusandae similique qui esseprovident earum fugit.','5','https://ingresso-a.akamaihd.net/img/cinema/cartaz/22610-cartaz.jpg')
INSERT INTO Lancamentos (Nome, DataLancamento, Sinopse, IdCategoria, FotoLanc) VALUES ('Stranger Things','16/07/2016','Lorem ipsum dolor sit amet consecteturadipisicing elit. Alias odio illum dolorem etsed voluptatum tempora modi maxime, dolorlaudantium natus recusandae similique qui esseprovident earum fugit.','5','https://encrypted-tbn0.gstatic.com/images?q=tbn:ANd9GcQ8BKbYK49TcQRkgm7LyUS1m0cBucHeC3qMF1ye59nols5pbJenIw&s')

INSERT INTO Lancamentos (Nome, DataLancamento, Sinopse, IdCategoria, FotoLanc) VALUES ('Todo Mundo Odeia O Chris','22/09/2005','Lorem ipsum dolor sit amet consecteturadipisicing elit. Alias odio illum dolorem etsed voluptatum tempora modi maxime, dolorlaudantium natus recusandae similique qui esseprovident earum fugit.','1','https://ponto4.files.wordpress.com/2011/04/everybodyhateschris-11.jpg')
INSERT INTO Lancamentos (Nome, DataLancamento, Sinopse, IdCategoria, FotoLanc) VALUES ('Os Parças 2','14/11/2019','Lorem ipsum dolor sit amet consecteturadipisicing elit. Alias odio illum dolorem etsed voluptatum tempora modi maxime, dolorlaudantium natus recusandae similique qui esseprovident earum fugit.','1','http://t0.gstatic.com/images?q=tbn:ANd9GcSKF7CFCwjK1n5P5mcZMInhshQbEI5sc6qVtdQjHNPLbeDwVePU')
INSERT INTO Lancamentos (Nome, DataLancamento, Sinopse, IdCategoria, FotoLanc) VALUES ('Anjos da Lei','04/05/2012','Lorem ipsum dolor sit amet consecteturadipisicing elit. Alias odio illum dolorem etsed voluptatum tempora modi maxime, dolorlaudantium natus recusandae similique qui esseprovident earum fugit.','1','https://encrypted-tbn0.gstatic.com/images?q=tbn:ANd9GcRYlysL9m9GUx_HCRPbCFCMp5VoYg5urkW5bZZFfTZK9u9Kt_ISUw&s')

INSERT INTO Lancamentos (Nome, DataLancamento, Sinopse, IdCategoria, FotoLanc) VALUES ('Interestelar','26/04/2018','Lorem ipsum dolor sit amet consecteturadipisicing elit. Alias odio illum dolorem etsed voluptatum tempora modi maxime, dolorlaudantium natus recusandae similique qui esseprovident earum fugit.','3','https://www.cineteka.com/img/filmes/014091_big.jpg')
INSERT INTO Lancamentos (Nome, DataLancamento, Sinopse, IdCategoria, FotoLanc) VALUES ('Black Mirror','01/12/2011','Lorem ipsum dolor sit amet consecteturadipisicing elit. Alias odio illum dolorem etsed voluptatum tempora modi maxime, dolorlaudantium natus recusandae similique qui esseprovident earum fugit.','3','http://br.web.img3.acsta.net/c_216_288/pictures/16/11/23/19/25/592195.png')
INSERT INTO Lancamentos (Nome, DataLancamento, Sinopse, IdCategoria, FotoLanc) VALUES ('Perdido em Marte','01/10/2015','Lorem ipsum dolor sit amet consecteturadipisicing elit. Alias odio illum dolorem etsed voluptatum tempora modi maxime, dolorlaudantium natus recusandae similique qui esseprovident earum fugit.','3','https://encrypted-tbn0.gstatic.com/images?q=tbn:ANd9GcRp46g52575vrMzgT3u37lA21b-JBnLrMaCMR9exyNCEQaYhGPd&s')

INSERT INTO Lancamentos (Nome, DataLancamento, Sinopse, IdCategoria, FotoLanc) VALUES ('Titanic','16/01/1998','Lorem ipsum dolor sit amet consecteturadipisicing elit. Alias odio illum dolorem etsed voluptatum tempora modi maxime, dolorlaudantium natus recusandae similique qui esseprovident earum fugit.','2','http://br.web.img3.acsta.net/c_215_290/medias/nmedia/18/89/56/94/20055685.jpg')
INSERT INTO Lancamentos (Nome, DataLancamento, Sinopse, IdCategoria, FotoLanc) VALUES ('House of Cards','01/02/2013','Lorem ipsum dolor sit amet consecteturadipisicing elit. Alias odio illum dolorem etsed voluptatum tempora modi maxime, dolorlaudantium natus recusandae similique qui esseprovident earum fugit.','2','https://encrypted-tbn0.gstatic.com/images?q=tbn:ANd9GcQeHvMsafX-jEsfkZTebaccD-vt172pFTnQaYUODkWraP0458ze&s')
INSERT INTO Lancamentos (Nome, DataLancamento, Sinopse, IdCategoria, FotoLanc) VALUES ('Coringa','03/10/2019','Lorem ipsum dolor sit amet consecteturadipisicing elit. Alias odio illum dolorem etsed voluptatum tempora modi maxime, dolorlaudantium natus recusandae similique qui esseprovident earum fugit.','2','http://t1.gstatic.com/images?q=tbn:ANd9GcR3kEFg8g-cdpamz5o28Ipv1eQ8Hez7aq4YC5cP9uCkZYAjefWR')

INSERT INTO Lancamentos (Nome, DataLancamento, Sinopse, IdCategoria, FotoLanc) VALUES ('Busca explosiva','27/03/2005','Lorem ipsum dolor sit amet consecteturadipisicing elit. Alias odio illum dolorem etsed voluptatum tempora modi maxime, dolorlaudantium natus recusandae similique qui esseprovident earum fugit.','4','https://musicart.xboxlive.com/7/d7fa5000-0000-0000-0000-000000000002/504/image.jpg?w=1920&h=1080')
INSERT INTO Lancamentos (Nome, DataLancamento, Sinopse, IdCategoria, FotoLanc) VALUES ('Jason Bourne','28/07/2016','Lorem ipsum dolor sit amet consecteturadipisicing elit. Alias odio illum dolorem etsed voluptatum tempora modi maxime, dolorlaudantium natus recusandae similique qui esseprovident earum fugit.','4','https://encrypted-tbn0.gstatic.com/images?q=tbn:ANd9GcSECatorNuj2Eb5vRHpUcfDlEfnNauPkLzlXpXMSPucyE2V_TQo&s')
INSERT INTO Lancamentos (Nome, DataLancamento, Sinopse, IdCategoria, FotoLanc) VALUES ('Arqueiro','10/10/2012','Lorem ipsum dolor sit amet consecteturadipisicing elit. Alias odio illum dolorem etsed voluptatum tempora modi maxime, dolorlaudantium natus recusandae similique qui esseprovident earum fugit.','4','https://musicart.xboxlive.com/7/d7fa5000-0000-0000-0000-000000000002/504/image.jpg?w=1920&h=1080')

INSERT INTO Plataformas (Nome) VALUES ('Google Play Filmes')
INSERT INTO Plataformas (Nome) VALUES ('Netflix')
INSERT INTO Plataformas (Nome) VALUES ('Youtube')
INSERT INTO Plataformas (Nome) VALUES ('Vizer')
INSERT INTO Plataformas (Nome) VALUES ('Amazon')

INSERT INTO Usuarios (Nome, Email, Senha, Permissao, FotoPerfil) VALUES ('Erik','erik@gmail.com','123456','Administrador','https://gartic.com.br/imgs/mural/mu/murallivre/anonimo.png')
INSERT INTO Usuarios (Nome, Email, Senha, Permissao, FotoPerfil) VALUES ('Cassiana','cassiana@gmail.com','123456','Administrador','https://gartic.com.br/imgs/mural/mu/murallivre/anonimo.png')
INSERT INTO Usuarios (Nome, Email, Senha, Permissao, FotoPerfil) VALUES ('Helena','helena@gmail.com','123456','Comum','https://gartic.com.br/imgs/mural/mu/murallivre/anonimo.png')
INSERT INTO Usuarios (Nome, Email, Senha, Permissao, FotoPerfil) VALUES ('Rob','rob@gmail.com','3110','Comum','https://gartic.com.br/imgs/mural/mu/murallivre/anonimo.png')

select * from categoria

select * from Usuarios

select * from Lancamentos

drop table Usuarios

select * from Cadastro

delete from Lancamentos

ALTER TABLE Lancamentos add foto VARCHAR(3000) DEFAULT 'https://www.ferramentastenace.com.br/wp-content/uploads/2017/11/sem-foto.jpg' NOT NULL

SELECT * FROM Permissao
SELECT * FROM Categoria
SELECT * FROM Lancamentos
SELECT * FROM Plataformas
SELECT * FROM Usuarios
SELECT * FROM Categoria Order by IdCategoria ASC